{
    "loss": 13.407302856445312,
    "accuracy": 0.5467625856399536
}