{
    "loss": 0.1565377414226532,
    "accuracy": 0.9568345546722412
}